train_loss,train_acc,val_loss,val_acc,lr
1.901240831230119,0.2813185307017544,1.7902773205554012,0.3447653429602888,1e-06
1.7958419113828425,0.3328307748538012,1.7168411317715147,0.38086642599277976,0.0001008
1.5424237257381628,0.4184713084795322,1.6925443733642247,0.42418772563176893,0.0002006
1.3655828363017033,0.4831186038011696,1.440599562028685,0.4548736462093863,0.00030040000000000004
1.3630657334599579,0.4806971856725146,1.5071209217236792,0.38086642599277976,0.0004002
1.3909558476063244,0.47206231725146197,1.5104222538669188,0.43862815884476536,0.0004969836434458088
1.39607726220499,0.46920687134502925,1.5859644477548152,0.4187725631768953,0.0004956603764285287
1.3693580035752022,0.4774762426900585,1.4287674543229252,0.4747292418772563,0.0004940996066749931
1.3402149536979129,0.49234740497076024,1.515520815384517,0.44945848375451264,0.0004923028744765145
1.3061216550263746,0.5057794225146199,1.41525004486745,0.4151624548736462,0.0004902719529908511
1.2775697002285404,0.5175667032163743,1.6698746457426987,0.43501805054151627,0.00048800884649231267
1.2600818609285076,0.5278463084795322,1.2614737297223364,0.5036101083032491,0.00048551578839378526
1.2437702306704215,0.5323693347953217,1.2990883197164709,0.5216606498194946,0.0004827952390426216
1.222401747055221,0.5435169956140351,1.2072936085587374,0.5505415162454874,0.0004798498832925754
1.2117393076071266,0.5468064692982456,1.845438371066152,0.34657039711191334,0.0004766826278541748
1.203771128204831,0.5505528143274854,1.1573916622017264,0.5830324909747292,0.0004732965984261501
1.1850727306820497,0.5590963084795322,1.367495411139533,0.49097472924187724,0.00046969513661074654
1.1810779755401333,0.5629111842105263,1.229695739298521,0.5397111913357401,0.0004658817966159662
1.1605634479320537,0.5693302266081871,1.1644071387900343,0.5902527075812274,0.0004618603417479937
1.1498410570168356,0.5729166666666666,1.271502128576974,0.5361010830324909,0.00045763474069726763
1.1429857500115332,0.5760690789473685,1.183520054989343,0.5541516245487365,0.00045320916362186214
1.143144595867012,0.5797468932748538,1.2702316110314875,0.5451263537906137,0.0004485879780320441
1.1355243799282095,0.5785818713450293,1.115188765181531,0.5956678700361011,0.0004437757444800684
1.1248312836937737,0.5863943713450293,1.1519946780876131,0.572202166064982,0.0004387772120594626
1.1156989897203724,0.5885873538011696,1.0634426898474298,0.6191335740072202,0.00043359731371824586
1.1089279859909538,0.588016264619883,1.7988246098322127,0.4043321299638989,0.0004282411613907041
1.1007718689173285,0.5966054459064327,1.1023073824734464,0.6209386281588448,0.0004227140409525287
1.097637806196659,0.5967881944444444,1.8391621457110243,0.37184115523465705,0.0004170214070042947
1.0892623924372489,0.5989126461988304,1.1527734990584722,0.575812274368231,0.000411168877488429
1.0838411548420002,0.6002375730994152,1.21660580746964,0.5180505415162455,0.0004051622281449793
1.0720173988861648,0.6084155701754386,1.1335761590124467,0.5433212996389891,0.000399007386811656
1.0640562314823356,0.6113167032163743,0.9910491003456529,0.6389891696750902,0.00039271042757377207
1.0592655753880216,0.6116822002923976,1.1199871392026275,0.5938628158844765,0.0003862775647698542
1.0623071221580282,0.6103801169590644,1.0263660814787936,0.6462093862815884,0.000379715146858841
1.050306647405987,0.6117964181286549,1.09689215159158,0.6064981949458483,0.0003730296501549202
1.0468088416328207,0.6174387792397661,1.1348661012167536,0.5956678700361011,0.000366227672436189
1.0311628390996777,0.6211394371345029,1.3062067935613089,0.5577617328519856,0.00035931592643344284
1.028541586813871,0.6214135599415205,1.0441217104020102,0.5956678700361011,0.00035230123320552126
1.0245323029090787,0.6240177266081871,1.0284552105067009,0.6389891696750902,0.00034519051540774615
1.0209532236756638,0.6266218932748538,1.3240609582150455,0.51985559566787,0.00033799079046009645
1.016487758454175,0.6268503289473685,1.029804406183291,0.6028880866425993,0.00033070916362186215
1.012714355661158,0.6298885233918129,1.1095510028329567,0.5902527075812274,0.00032335282097961123
1.0057088682613178,0.6293859649122807,0.9653242094852433,0.6425992779783394,0.0003159290223553894
1.0047249375292433,0.6308936403508771,1.1209492192802015,0.5956678700361011,0.00030844509414215297
0.9933129206996912,0.6379066154970761,1.0587235917253184,0.5884476534296029,0.00030090842207350257
0.9972608329085578,0.635188230994152,0.9836756550448036,0.6732851985559567,0.0002933264439348566
0.9903287779953744,0.6371527777777778,1.181706811546849,0.5631768953068592,0.0002857066422232546
0.9850919823984654,0.6416986476608187,0.9624566029125172,0.6570397111913358,0.00027805653676303603
0.9771809741767526,0.6436860380116959,1.1699869254005515,0.6137184115523465,0.0002703836772846818
0.9773066139709182,0.6438687865497076,0.9513837090468148,0.6588447653429603,0.0002626956359741414
0.9703643647027992,0.6466785453216374,0.9607702850865113,0.6516245487364621,0.000255
0.9666176463602579,0.6471125730994152,0.9019428302234691,0.6678700361010831,0.00024730436402585856
0.960766422295431,0.6473410087719298,1.087311356506623,0.6046931407942239,0.00023961632271531823
0.9531756080033487,0.6509731359649122,0.8931551487437224,0.644404332129964,0.00023194346323696398
0.9505435310260594,0.6535316154970761,0.9299224111577664,0.644404332129964,0.0002242933577767455
0.946495311824899,0.6550621345029239,0.8705346089407855,0.6895306859205776,0.00021667355606514344
0.9451179237742173,0.6575749269005848,0.8985672281106887,0.6714801444043321,0.00020909157792649746
0.938130671735744,0.6574150219298246,1.045590654607284,0.6263537906137184,0.00020155490585784712
0.9327132591640043,0.6582145467836257,0.8945080657297954,0.6624548736462094,0.00019407097764461055
0.9290862046400009,0.6609557748538012,0.9479800591830312,0.6534296028880866,0.00018664717902038884
0.927222457501972,0.6610243055555556,0.927848463024043,0.6805054151624549,0.00017929083637813794
0.9200345522653289,0.6654331140350878,0.9390666545082946,0.6516245487364621,0.00017200920953990362
0.9192193600169399,0.6665752923976608,0.8884565924909571,0.6642599277978339,0.00016480948459225397
0.9137665270800479,0.6665752923976608,0.8745054449845737,0.6678700361010831,0.00015769876679447872
0.9088399384976827,0.6689281798245614,0.8544904884448551,0.6877256317689531,0.0001506840735665572
0.9023710571621594,0.6713267543859649,0.9243532647294689,0.6606498194945848,0.00014377232756381103
0.8998123218702991,0.6754385964912281,0.8417298053576198,0.6841155234657039,0.0001369703498450797
0.8891126946137663,0.6770833333333334,0.8593088891962375,0.7057761732851986,0.00013028485314115902
0.8860255282873298,0.6773802997076024,0.820107392886055,0.7057761732851986,0.00012372243523014578
0.8838708927495438,0.680921052631579,0.8750412786910681,0.6985559566787004,0.00011728957242622798
0.8835468821619686,0.6771975511695907,0.8644945466561438,0.6931407942238267,0.0001109926131883441
0.8782279109745695,0.6825429459064327,0.8861740461755746,0.6678700361010831,0.00010483777185502073
0.8652864073277914,0.686266447368421,0.8217770442205216,0.7111913357400722,9.883112251157101e-05
0.8603511899273996,0.6884137426900585,0.7745271034619438,0.7148014440433214,9.297859299570533e-05
0.850940958645783,0.6927311769005848,0.8595131334414982,0.6732851985559567,8.728595904747126e-05
0.8481142992556793,0.6914976242690059,0.828604601350502,0.7003610108303249,8.175883860929587e-05
0.8449587127008633,0.6935763888888888,0.7668863491891523,0.7148014440433214,7.640268628175422e-05
0.8379463388949459,0.6991730628654971,0.7755191261587591,0.740072202166065,7.122278794053739e-05
0.833125264672508,0.6971856725146199,0.7865070491921601,0.720216606498195,6.622425551993166e-05
0.8298965938040737,0.7004066154970761,0.7567869485070129,0.7166064981949458,6.141202196795584e-05
0.8231022423950204,0.7044270833333334,0.765453397582154,0.720216606498195,5.67908363781379e-05
0.8165826976996416,0.7055235745614035,0.7604226136465796,0.7184115523465704,5.236525930273237e-05
0.8132223197155528,0.7062774122807017,0.7473885229778634,0.720216606498195,4.813965825200636e-05
0.8142932365860855,0.7048839546783626,0.7403021943267932,0.7274368231046932,4.4118203384033776e-05
0.8073245937233431,0.7093841374269005,0.7601142583771303,0.723826714801444,4.030486338925342e-05
0.8001462815884959,0.7101608187134503,0.7787100300461807,0.7274368231046932,3.6703401573849895e-05
0.793974201276637,0.7122624269005848,0.7658402050445227,0.7148014440433214,3.331737214582526e-05
0.7899108478766784,0.7145924707602339,0.7246395302163134,0.740072202166065,3.0150116707424677e-05
0.7886095758287879,0.7155747441520468,0.7215874126241526,0.7292418772563177,2.720476095737842e-05
0.7856787576922897,0.7190698099415205,0.7401292758728193,0.7328519855595668,2.4484211606214764e-05
0.7822156116061392,0.7197779605263158,0.7118928299053481,0.7436823104693141,2.1991153507687383e-05
0.782367732027295,0.7188642178362573,0.7201525971347245,0.7472924187725631,1.972804700914898e-05
0.7766366255257213,0.722016630116959,0.7145051030906099,0.7346570397111913,1.7697125523485415e-05
0.7734014170778076,0.7217425073099415,0.7164726455289104,0.7292418772563177,1.5900393325006906e-05
0.7710744106150859,0.7230902777777778,0.7192141062946527,0.7472924187725631,1.4339623571471263e-05
0.7705773056991267,0.7222679093567251,0.71685329628335,0.7418772563176895,1.3016356554191275e-05
0.7665652626395574,0.7248720760233918,0.7153488087740185,0.7292418772563177,1.1931898177952948e-05
0.7691919863746878,0.7244152046783626,0.6996012353724952,0.759927797833935,1.1087318672245402e-05
0.7609314230101848,0.7249634502923976,0.7088417821842841,0.7292418772563177,1.0483451535073469e-05
0.7626715750373595,0.72562591374269,0.6978743119360308,0.7382671480144405,1.0120892710395758e-05
